{"metadata":{"asset_id":"90f11783-15ed-4095-a968-a267abd0cf25","asset_attributes":["data_asset"],"name":"pima-indians-diabetes.data.csv","asset_type":"data_asset","created_at":"2021-07-05T07:48:37Z","description":"","origin_country":"us","owner_id":"IBMid-671000IL42","project_id":"8198c180-8c00-4317-b9f2-f2c7041b9dd0","size":23056,"tags":[],"usage":{"last_update_time":1625471319311,"last_updated_at":"2021-07-05T07:48:39Z"}},"entity":{"data_asset":{"mime_type":"text/csv","dataset":false}},"attachments":[{"id":"72e84f77-94b6-4973-bec3-2dd6ff69db53","version":2,"asset_type":"data_asset","name":"pima-indians-diabetes.data.csv","mime":"text/csv","datasource_type":"193a97c1-4475-4a19-b90c-295c4fdc6517","object_key":"pima-indians-diabetes.data.csv","creator_id":"IBMid-671000IL42","create_time":1625471319310,"size":23056,"is_remote":false,"is_managed":false,"is_referenced":true,"is_object_key_read_only":true,"is_user_provided_path_key":true,"transfer_complete":true,"is_partitioned":false,"complete_time_ticks":1625471319310,"user_data":{},"test_doc":0,"handle":{"bucket":"diabetesproject-donotdelete-pr-cxmavmy1wttk97","location":"us-geo","key":"pima-indians-diabetes.data.csv","upload_id":"done","max_part_num":1},"usage":{"access_count":0,"last_accessor_id":"IBMid-671000IL42","last_access_time":1625471319310}}]}
