{"metadata":{"asset_id":"1356d68d-d95b-43b1-84ca-299a93e53dbb","asset_attributes":["wml_pipeline"],"name":"Diabetes AI","asset_type":"wml_pipeline","created_at":"2021-07-05T07:49:45Z","description":"","origin_country":"us","owner_id":"IBMid-671000IL42","project_id":"8198c180-8c00-4317-b9f2-f2c7041b9dd0","sandbox_id":"8198c180-8c00-4317-b9f2-f2c7041b9dd0","size":0,"tags":["dsx-project.8198c180-8c00-4317-b9f2-f2c7041b9dd0"],"usage":{"last_update_time":1625471385467,"last_updated_at":"2021-07-05T07:49:45Z"}},"entity":{"wml_pipeline":{"document":{"doc_type":"pipeline","pipelines":[{"id":"autoai","nodes":[{"id":"automl","op":"kube","parameters":{"output_logs":true,"input_file_separator":",","stage_flag":true,"optimization":{"compute_pipeline_notebooks_flag":true,"daub_adaptive_subsampling_max_mem_usage":15000000000,"holdout_param":0.1,"label":"class","learning_type":"classification","max_num_daub_ensembles":2,"positive_label":1,"run_cognito_flag":true,"scorer_for_ranking":"accuracy"},"one_vs_all_file":true},"runtime_ref":"autoai","type":"execution_node"}],"runtime_ref":"hybrid"}],"primary_pipeline":"autoai","runtimes":[{"app_data":{"wml_data":{"hardware_spec":{"base_id":"a6c4923b-b8e4-444c-9f43-8a7ec3020110","name":"L"}}},"id":"autoai","name":"auto_ai.kb"}],"version":"2.0"},"ml_version":"4.0.0"}}}
