{"metadata":{"asset_id":"8c90780f-82a6-4dad-85ac-16ef06473f95","asset_attributes":["wml_model"],"name":"Diabetes AI - P8 XGB Classifier","asset_type":"wml_model","created_at":"2021-07-05T07:53:35Z","description":"","origin_country":"us","owner_id":"IBMid-671000IL42","project_id":"8198c180-8c00-4317-b9f2-f2c7041b9dd0","sandbox_id":"8198c180-8c00-4317-b9f2-f2c7041b9dd0","size":13907,"tags":[],"usage":{"last_update_time":1625471620938,"last_updated_at":"2021-07-05T07:53:40Z"}},"entity":{"wml_model":{"hybrid_pipeline_software_specs":[{"base_id":"a545cca3-02df-5c61-9e88-998b09dc79af","name":"autoai-kb_3.3-py3.7"}],"label_column":"class","pipeline":{"id":"1356d68d-d95b-43b1-84ca-299a93e53dbb"},"ml_version":"4.0.9","type":"wml-hybrid_0.1","schemas":{"input":[{"fields":[{"name":"preg","type":"integer"},{"name":" plas","type":"integer"},{"name":"pres","type":"integer"},{"name":"Skin ","type":"integer"},{"name":"test","type":"integer"},{"name":"mass","type":"double"},{"name":"pedi","type":"double"},{"name":"age","type":"integer"}],"id":"auto_ai_kb_input_schema"}],"output":[]},"content_location":{"connection":{"access_key_id":"a5e3176cd5a143f2a48f2d1ced0ceba8","endpoint_url":"https://s3.us.cloud-object-storage.appdomain.cloud","secret_access_key":"a8f8e6faa5d78e308c361ed654f4023dd77101b53d527f90","accessKeyId":"a5e3176cd5a143f2a48f2d1ced0ceba8"},"contents":[{"content_format":"pipeline-node","file_name":"P8_automl.zip","location":"auto_ml/bc84ab50-7f2c-4c4d-a450-88eeff8e26f2/wml_data/51884f1a-6e57-43dd-9697-ac4efb119c07/assets/51884f1a-6e57-43dd-9697-ac4efb119c07_P8_hpo_c_output/resources/wml_model/P8_automl.zip","pipeline_node_id":"automl"},{"content_format":"native","file_name":"pipeline_model.json","location":"auto_ml/bc84ab50-7f2c-4c4d-a450-88eeff8e26f2/wml_data/51884f1a-6e57-43dd-9697-ac4efb119c07/assets/51884f1a-6e57-43dd-9697-ac4efb119c07_P8_hpo_c_output/resources/wml_model/pipeline_model.json"}],"location":{"path":"auto_ml/bc84ab50-7f2c-4c4d-a450-88eeff8e26f2/wml_data","notebooks_path":"auto_ml/bc84ab50-7f2c-4c4d-a450-88eeff8e26f2/wml_data/51884f1a-6e57-43dd-9697-ac4efb119c07/notebooks","training":"auto_ml/bc84ab50-7f2c-4c4d-a450-88eeff8e26f2/wml_data/51884f1a-6e57-43dd-9697-ac4efb119c07","training_status":"auto_ml/bc84ab50-7f2c-4c4d-a450-88eeff8e26f2/wml_data/51884f1a-6e57-43dd-9697-ac4efb119c07/training-status.json","bucket":"diabetesproject-donotdelete-pr-cxmavmy1wttk97","type":"s3","assets_path":"auto_ml/bc84ab50-7f2c-4c4d-a450-88eeff8e26f2/wml_data/51884f1a-6e57-43dd-9697-ac4efb119c07/assets"},"type":"s3"},"training_data_references":[{"connection":{"endpoint_url":"https://s3.us.cloud-object-storage.appdomain.cloud","auth_endpoint":"https://iam.bluemix.net/oidc/token/","api_key":"bo1BRSLGh5DNJp89fBzElz8jx6XUND1WY1nzSr54eb9p","secret_access_key":"a8f8e6faa5d78e308c361ed654f4023dd77101b53d527f90","access_key_id":"a5e3176cd5a143f2a48f2d1ced0ceba8","service_instance_id":"iam-ServiceId-7a07b424-efb6-40bd-86d1-a8595e832290"},"location":{"bucket":"diabetesproject-donotdelete-pr-cxmavmy1wttk97","path":"pima-indians-diabetes.data.csv","type":"s3"},"schema":{"fields":[{"name":"preg","type":"integer"},{"name":" plas","type":"integer"},{"name":"pres","type":"integer"},{"name":"Skin ","type":"integer"},{"name":"test","type":"integer"},{"name":"mass","type":"double"},{"name":"pedi","type":"double"},{"name":"age","type":"integer"},{"name":"class","type":"integer"}],"id":"auto_ai_kb_input_schema"},"type":"s3"}],"software_spec":{"base_id":"8c1a58c6-62b5-4dc4-987a-df751c2756b6","name":"hybrid_0.1"},"content_import_state":"completed"}},"attachments":[{"id":"662f71dd-cb5d-4b65-914a-66600a704dea","version":2,"asset_type":"wml_model","name":"P8_automl.zip","datasource_type":"193a97c1-4475-4a19-b90c-295c4fdc6517","creator_id":"IBMid-671000IL42","create_time":1625471616537,"size":12372,"is_remote":false,"is_managed":true,"is_referenced":false,"is_object_key_read_only":false,"is_user_provided_path_key":false,"transfer_complete":true,"is_partitioned":false,"complete_time_ticks":1625471618378,"user_data":{"content_format":"pipeline-node","pipeline_node_id":"automl"},"test_doc":0,"handle":{"bucket":"diabetesproject-donotdelete-pr-cxmavmy1wttk97","location":"us-geo","type":"bluemix_cos","key":"89ef9636-f37b-4abf-9e1f-e20abec99113/8c90780f-82a6-4dad-85ac-16ef06473f95/662f71dd-cb5d-4b65-914a-66600a704dea","upload_id":"done","max_part_num":1},"usage":{"access_count":0,"last_accessor_id":"IBMid-671000IL42","last_access_time":1625471616537}},{"id":"55d19985-886a-4f79-8ca1-dd62c0ac266c","version":2,"asset_type":"wml_model","name":"pipeline_model.json","datasource_type":"193a97c1-4475-4a19-b90c-295c4fdc6517","creator_id":"IBMid-671000IL42","create_time":1625471619265,"size":1535,"is_remote":false,"is_managed":true,"is_referenced":false,"is_object_key_read_only":false,"is_user_provided_path_key":false,"transfer_complete":true,"is_partitioned":false,"complete_time_ticks":1625471620795,"user_data":{"content_format":"native"},"test_doc":0,"handle":{"bucket":"diabetesproject-donotdelete-pr-cxmavmy1wttk97","location":"us-geo","type":"bluemix_cos","key":"89ef9636-f37b-4abf-9e1f-e20abec99113/8c90780f-82a6-4dad-85ac-16ef06473f95/55d19985-886a-4f79-8ca1-dd62c0ac266c","upload_id":"done","max_part_num":1},"usage":{"access_count":0,"last_accessor_id":"IBMid-671000IL42","last_access_time":1625471619265}}]}
